{
	"dummy": {
		"currency": {
			"wonDollarRate": 1400
		},
		"profit": {
			"purchaseAmount": 15565.84,
			"marketValue": 13538.22,
			"gainPrice": -2027.62,
			"purchaseAmount_Won": 21792176,
			"marketValue_Won": 18953508,
			"gainPrice_Won": -2838668,
			"gainRate": -13.02
		},
		"my-stock": [
			{
				"name": "애플",
				"ticker": "AAPL",
				"quantity": 10,
				"currentPrice": 198.56,
				"averagePurchasePrice": 236.237,
				"purchaseAmount": 2362.37,
				"valuation": 1985.60,
				"currentPrice_Won": 277984,
				"averagePurchasePrice_Won": 330731,
				"purchaseAmount_Won": 3307318,
				"valuation_Won": 2779840,
				"weight": 15.17
			},
			{
				"name": "아마존닷컴",
				"ticker": "AMZN",
				"quantity": 12,
				"currentPrice": 193.16,
				"averagePurchasePrice": 227.87,
				"purchaseAmount": 2734.48,
				"valuation": 2317.92,
				"currentPrice_Won": 270424,
				"averagePurchasePrice_Won": 319022,
				"purchaseAmount_Won": 3828272,
				"valuation_Won": 3245088,
				"weight": 17.56
			},
			{
				"name": "아메리칸 엑스프레스",
				"ticker": "AXP",
				"quantity": 15,
				"currentPrice": 301.8013,
				"averagePurchasePrice": 301.39,
				"purchaseAmount": 4520.87,
				"valuation": 4268.55,
				"currentPrice_Won": 398398,
				"averagePurchasePrice_Won": 421947,
				"purchaseAmount_Won": 6329218,
				"valuation_Won": 5975970,
				"weight": 29.04
			},
			{
				"name": "알파벳 C",
				"ticker": "GOOG",
				"quantity": 7,
				"currentPrice": 187.364,
				"averagePurchasePrice": 187.12,
				"purchaseAmount": 1080.45,
				"valuation": 1309.88,
				"averagePurchasePriceon": 187.12,
				"purchaseAmounton": 1080.45,
				"valuationon": 1309.88,
				"currentPrice_Won": 216090,
				"averagePurchasePrice_Won": 261975,
				"purchaseAmount_Won": 1833832,
				"valuation_Won": 1512630,
				"weight": 8.41
			},
			{
				"name": "테슬라",
				"ticker": "TSLA",
				"quantity": 13,
				"currentPrice": 298.9,
				"averagePurchasePrice": 356.78,
				"purchaseAmount": 4638.24,
				"valuation": 3885.70,
				"currentPrice_Won": 418460,
				"averagePurchasePrice_Won": 499502,
				"purchaseAmount_Won": 6493536,
				"valuation_Won": 5439980,
				"weight": 29.79
			}
		],
		"vix": [
			{ "date": "2025-05-01", "value": 24.60 },
			{ "date": "2025-05-02", "value": 22.68 },
			{ "date": "2025-05-05", "value": 23.63 },
			{ "date": "2025-05-06", "value": 24.76 },
			{ "date": "2025-05-07", "value": 23.54 },
			{ "date": "2025-05-08", "value": 22.47 },
			{ "date": "2025-05-09", "value": 21.89 }
    ],

		"profit-trend": [
			{ "date": "2024.12.31", "rate": 7 },
			{ "date": "2024.12.30", "rate": -10 },
			{ "date": "2024.12.29", "rate": -4 },
			{ "date": "2024.12.28", "rate": 15 },
			{ "date": "2024.12.27", "rate": -19 },
			{ "date": "2024.12.26", "rate": 20 },
			{ "date": "2024.12.25", "rate": 0 },
			{ "date": "2024.12.24", "rate": -1 },
			{ "date": "2024.12.23", "rate": 13 },
			{ "date": "2024.12.22", "rate": 3 },
			{ "date": "2024.12.21", "rate": -7 },
			{ "date": "2024.12.20", "rate": -20 },
			{ "date": "2024.12.19", "rate": 14 },
			{ "date": "2024.12.18", "rate": -2 },
			{ "date": "2024.12.17", "rate": 6 },
			{ "date": "2024.12.16", "rate": 8 },
			{ "date": "2024.12.15", "rate": 18 },
			{ "date": "2024.12.14", "rate": -16 },
			{ "date": "2024.12.13", "rate": 11 },
			{ "date": "2024.12.12", "rate": -11 },
			{ "date": "2024.12.11", "rate": -6 },
			{ "date": "2024.12.10", "rate": -8 },
			{ "date": "2024.12.9",  "rate":  1 },
			{ "date": "2024.12.8",  "rate":  19 },
			{ "date": "2024.12.7",  "rate":  -13 },
			{ "date": "2024.12.6",  "rate":  5 },
			{ "date": "2024.12.5",  "rate":  17 },
			{ "date": "2024.12.4",  "rate":  -12 },
			{ "date": "2024.12.3",  "rate":  2 },
			{ "date": "2024.12.2",  "rate":  -15 },
			{ "date": "2024.12.1",  "rate":  10 }
		],

		"monthly-profit-trend": [
			{ "date": "2024.1",  "profit": 273841 },
			{ "date": "2024.2",  "profit": 1433834 },
			{ "date": "2024.3",  "profit": 385308 },
			{ "date": "2024.4",  "profit": 356692 },
			{ "date": "2024.5",  "profit": 2618837 },
			{ "date": "2024.6",  "profit": 1321334 },
			{ "date": "2024.7",  "profit": 1580650 },
			{ "date": "2024.8",  "profit": -61374 },
			{ "date": "2024.9",  "profit": 318341 },
			{ "date": "2024.10", "profit": 1060910 },
			{ "date": "2024.11", "profit": 1482703 },
			{ "date": "2024.12", "profit": 1666056 },
			{ "date": "2025.1",  "profit": 21564   },			
			{ "date": "2025.2",  "profit": 2500102 },			
			{ "date": "2025.3",  "profit": 746020  },			
			{ "date": "2025.4",  "profit": 197837  },			
			{ "date": "2025.5",  "profit": 1008623 }															
		]
	}

}